[{"model": "contenttypes.contenttype", "pk": 1, "fields": {"app_label": "admin", "model": "logentry"}}, {"model": "contenttypes.contenttype", "pk": 2, "fields": {"app_label": "auth", "model": "permission"}}, {"model": "contenttypes.contenttype", "pk": 3, "fields": {"app_label": "auth", "model": "group"}}, {"model": "contenttypes.contenttype", "pk": 4, "fields": {"app_label": "auth", "model": "user"}}, {"model": "contenttypes.contenttype", "pk": 5, "fields": {"app_label": "contenttypes", "model": "contenttype"}}, {"model": "contenttypes.contenttype", "pk": 6, "fields": {"app_label": "sessions", "model": "session"}}, {"model": "contenttypes.contenttype", "pk": 7, "fields": {"app_label": "authtoken", "model": "token"}}, {"model": "contenttypes.contenttype", "pk": 8, "fields": {"app_label": "musi_find_backend", "model": "follow"}}, {"model": "contenttypes.contenttype", "pk": 9, "fields": {"app_label": "musi_find_backend", "model": "genre"}}, {"model": "contenttypes.contenttype", "pk": 10, "fields": {"app_label": "musi_find_backend", "model": "instrument"}}, {"model": "contenttypes.contenttype", "pk": 11, "fields": {"app_label": "musi_find_backend", "model": "profile"}}, {"model": "contenttypes.contenttype", "pk": 12, "fields": {"app_label": "musi_find_backend", "model": "publication"}}, {"model": "contenttypes.contenttype", "pk": 13, "fields": {"app_label": "musi_find_backend", "model": "rating"}}, {"model": "contenttypes.contenttype", "pk": 14, "fields": {"app_label": "musi_find_backend", "model": "message"}}, {"model": "contenttypes.contenttype", "pk": 15, "fields": {"app_label": "musi_find_backend", "model": "ban"}}, {"model": "musi_find_backend.instrument", "pk": 1, "fields": {"name": "Guitarra"}}, {"model": "musi_find_backend.instrument", "pk": 2, "fields": {"name": "Bateria"}}, {"model": "musi_find_backend.instrument", "pk": 3, "fields": {"name": "Violin"}}, {"model": "musi_find_backend.instrument", "pk": 4, "fields": {"name": "Flauta dulce"}}, {"model": "musi_find_backend.instrument", "pk": 5, "fields": {"name": "Saxofon"}}, {"model": "musi_find_backend.instrument", "pk": 6, "fields": {"name": "Piano"}}, {"model": "musi_find_backend.instrument", "pk": 7, "fields": {"name": "Acordion"}}, {"model": "musi_find_backend.instrument", "pk": 8, "fields": {"name": "Trompeta"}}, {"model": "musi_find_backend.genre", "pk": 1, "fields": {"name": "Rock"}}, {"model": "musi_find_backend.genre", "pk": 2, "fields": {"name": "Metal"}}, {"model": "musi_find_backend.genre", "pk": 3, "fields": {"name": "Clasico"}}, {"model": "musi_find_backend.genre", "pk": 4, "fields": {"name": "Pop"}}, {"model": "musi_find_backend.genre", "pk": 5, "fields": {"name": "Jazz"}}, {"model": "musi_find_backend.genre", "pk": 6, "fields": {"name": "Folclorico"}}, {"model": "musi_find_backend.genre", "pk": 7, "fields": {"name": "Country"}}, {"model": "musi_find_backend.genre", "pk": 8, "fields": {"name": "Blues"}}, {"model": "musi_find_backend.genre", "pk": 9, "fields": {"name": "Rock alternativo"}}, {"model": "musi_find_backend.profile", "pk": 1, "fields": {"is_musician": true, "description": "Aprendiz del violin. Ofrezco mis servicios para eventos, desde $300 la hora. Voy a toda el area metropolitana de Monterrey.", "mobile": "8113995183", "email": "oscar.abrego@gmail.com", "facebook": "oabrego2", "twitter": "OscarAbregoDiaz", "instrument": 1, "genre": 7, "gender": "Masculino"}}, {"model": "musi_find_backend.profile", "pk": 2, "fields": {"is_musician": true, "description": "Soy baterista desde hace 10 a\u00f1os, actualmente estoy buscando una banda por si les interesa, tambien estoy disponible para asistir a tocadas. Ahi esta mi informacion.", "mobile": "8125828661", "email": "raul.musico9@gmail.com", "facebook": "raul.emg", "twitter": "", "instrument": 2, "genre": 1, "gender": "Masculino"}}, {"model": "musi_find_backend.profile", "pk": 3, "fields": {"is_musician": true, "description": "Llevo 5 a\u00f1os de experiencia con el violin, doy clases de Lunes a Viernes 3:00 - 6:00. Cobro 400 por sesion, no se ocupa experiencia previa.", "mobile": "8115565343", "email": "samantha.musica@gmail.com", "facebook": "", "twitter": "", "instrument": 3, "genre": 3, "gender": "Masculino"}}, {"model": "musi_find_backend.profile", "pk": 4, "fields": {"is_musician": true, "description": "Llevo 5 a\u00f1os de experiencia con el violin, doy clases de Lunes a Viernes 3:00 - 6:00. Cobro 400 por sesion, no se ocupa experiencia previa.", "mobile": "8115565343", "email": "samantha.musica@gmail.com", "facebook": "", "twitter": "", "instrument": 3, "genre": 3, "gender": "Masculino"}}, {"model": "musi_find_backend.profile", "pk": 5, "fields": {"is_musician": true, "description": "Llevo 5 a\u00f1os de experiencia con el violin, doy clases de Lunes a Viernes 3:00 - 6:00. Cobro 400 por sesion, no se ocupa experiencia previa.", "mobile": "8115565343", "email": "samantha.musica@gmail.com", "facebook": "", "twitter": "", "instrument": 3, "genre": 3, "gender": "Masculino"}}, {"model": "musi_find_backend.profile", "pk": 6, "fields": {"is_musician": true, "description": "Llevo 5 a\u00f1os de experiencia con el violin, doy clases de Lunes a Viernes 3:00 - 6:00. Cobro 400 por sesion, no se ocupa experiencia previa.", "mobile": "8115565343", "email": "samantha.musica@gmail.com", "facebook": "", "twitter": "", "instrument": 3, "genre": 3, "gender": "Masculino"}}, {"model": "musi_find_backend.profile", "pk": 7, "fields": {"is_musician": true, "description": "Llevo 5 a\u00f1os de experiencia con el violin, doy clases de Lunes a Viernes 3:00 - 6:00. Cobro 400 por sesion, no se ocupa experiencia previa.", "mobile": "8115565343", "email": "samantha.musica@gmail.com", "facebook": "", "twitter": "", "instrument": 3, "genre": 3, "gender": "Masculino"}}, {"model": "musi_find_backend.profile", "pk": 8, "fields": {"is_musician": true, "description": "Llevo 5 a\u00f1os de experiencia con el violin, doy clases de Lunes a Viernes 3:00 - 6:00. Cobro 400 por sesion, no se ocupa experiencia previa.", "mobile": "8115565343", "email": "samantha.musica@gmail.com", "facebook": "", "twitter": "", "instrument": 3, "genre": 3, "gender": "Masculino"}}, {"model": "musi_find_backend.profile", "pk": 9, "fields": {"is_musician": true, "description": "Llevo 5 a\u00f1os de experiencia con el violin, doy clases de Lunes a Viernes 3:00 - 6:00. Cobro 400 por sesion, no se ocupa experiencia previa.", "mobile": "8115565343", "email": "samantha.musica@gmail.com", "facebook": "", "twitter": "", "instrument": 3, "genre": 3, "gender": "Masculino"}}, {"model": "musi_find_backend.profile", "pk": 10, "fields": {"is_musician": true, "description": "Llevo 5 a\u00f1os de experiencia con el violin, doy clases de Lunes a Viernes 3:00 - 6:00. Cobro 400 por sesion, no se ocupa experiencia previa.", "mobile": "8115565343", "email": "luis.musico@gmail.com", "facebook": "", "twitter": "", "instrument": 3, "genre": 3, "gender": "Masculino"}}, {"model": "musi_find_backend.profile", "pk": 11, "fields": {"is_musician": false, "description": "", "mobile": "", "email": "", "facebook": "", "twitter": "", "instrument": 1, "genre": 1, "gender": "Masculino"}}, {"model": "musi_find_backend.publication", "pk": 1, "fields": {"profile": 1, "title": "Educaci\u00f3n", "content": "Estudiante del instituto anglobritanico de las artes musicales. Actualmente cursando 8vo trimestre.", "publish_date": "2019-04-02"}}, {"model": "musi_find_backend.publication", "pk": 2, "fields": {"profile": 1, "title": "Experiencia", "content": "Llevo 3 a\u00f1os con el violin, he sido contratado para tocar en 9 eventos distintos.", "publish_date": "2019-04-02"}}, {"model": "musi_find_backend.publication", "pk": 3, "fields": {"profile": 2, "title": "Experiencia", "content": "Llevo 10 a\u00f1os con la bateria, he estado en 2 bandas diferentes, he participao en 3 CocaCola-Fests.", "publish_date": "2019-04-03"}}, {"model": "musi_find_backend.publication", "pk": 4, "fields": {"profile": 1, "title": "Precios", "content": "Para eventos regulares cobro $300 pesos la hora (mas costo de traslado). Para eventos en fecha especial cobro $400 la hora.", "publish_date": "2019-04-03"}}, {"model": "musi_find_backend.publication", "pk": 5, "fields": {"profile": 3, "title": "Educacion", "content": "Estudiante de la facultad de m\u00fasica de la UANL", "publish_date": "2019-04-03"}}, {"model": "musi_find_backend.publication", "pk": 6, "fields": {"profile": 2, "title": "Ubicaci\u00f3n", "content": "Vivo en el municipio de Guadalupe, Nuevo Le\u00f3n. Pero me muevo mucho por la zon cumbres y barrio antiguo.", "publish_date": "2019-04-03"}}, {"model": "musi_find_backend.publication", "pk": 7, "fields": {"profile": 5, "title": "Educacion", "content": "Estudiante de la facultad de m\u00fasica de la UANL", "publish_date": "2019-04-03"}}, {"model": "musi_find_backend.publication", "pk": 8, "fields": {"profile": 6, "title": "Educacion", "content": "Estudiante de la facultad de m\u00fasica de la UANL", "publish_date": "2019-04-03"}}, {"model": "musi_find_backend.publication", "pk": 9, "fields": {"profile": 4, "title": "Aclaraciones", "content": "Toco de todo un poco, solo con excepcion de reggaeton y cumbias.", "publish_date": "2019-04-03"}}, {"model": "musi_find_backend.follow", "pk": 1, "fields": {"follower_id": 1, "followed_id": 2}}, {"model": "musi_find_backend.follow", "pk": 2, "fields": {"follower_id": 1, "followed_id": 3}}, {"model": "musi_find_backend.follow", "pk": 3, "fields": {"follower_id": 1, "followed_id": 4}}, {"model": "musi_find_backend.follow", "pk": 4, "fields": {"follower_id": 2, "followed_id": 1}}, {"model": "musi_find_backend.follow", "pk": 5, "fields": {"follower_id": 2, "followed_id": 3}}, {"model": "musi_find_backend.follow", "pk": 6, "fields": {"follower_id": 3, "followed_id": 1}}, {"model": "musi_find_backend.message", "pk": 10, "fields": {"sender_id": 1, "recipient_id": 2, "time_sent": "2019-04-11T16:26:26.956Z", "content": "Buenos dias", "seen": false}}, {"model": "musi_find_backend.message", "pk": 11, "fields": {"sender_id": 1, "recipient_id": 2, "time_sent": "2019-04-11T16:26:43.349Z", "content": "Como estas hoy?", "seen": false}}, {"model": "musi_find_backend.message", "pk": 12, "fields": {"sender_id": 1, "recipient_id": 2, "time_sent": "2019-04-11T16:26:59.828Z", "content": "Me alegro", "seen": false}}, {"model": "musi_find_backend.message", "pk": 13, "fields": {"sender_id": 1, "recipient_id": 3, "time_sent": "2019-04-11T16:27:37.051Z", "content": "Hola", "seen": false}}, {"model": "musi_find_backend.message", "pk": 14, "fields": {"sender_id": 1, "recipient_id": 3, "time_sent": "2019-04-11T16:32:45.240Z", "content": "Hola tengo unas dudas", "seen": false}}, {"model": "musi_find_backend.message", "pk": 15, "fields": {"sender_id": 3, "recipient_id": 2, "time_sent": "2019-04-11T16:35:37.287Z", "content": "Hola, heme aqui", "seen": false}}, {"model": "musi_find_backend.message", "pk": 16, "fields": {"sender_id": 3, "recipient_id": 2, "time_sent": "2019-04-11T16:35:58.467Z", "content": "Que le acontece?", "seen": false}}, {"model": "musi_find_backend.message", "pk": 17, "fields": {"sender_id": 1, "recipient_id": 3, "time_sent": "2019-04-11T16:36:32.386Z", "content": "Que cuenta?", "seen": false}}, {"model": "musi_find_backend.message", "pk": 18, "fields": {"sender_id": 3, "recipient_id": 1, "time_sent": "2019-04-11T16:38:16.483Z", "content": "Que le acontece?", "seen": false}}, {"model": "musi_find_backend.message", "pk": 19, "fields": {"sender_id": 1, "recipient_id": 3, "time_sent": "2019-04-11T16:38:30.927Z", "content": "Que cuenta?", "seen": false}}, {"model": "musi_find_backend.message", "pk": 20, "fields": {"sender_id": 1, "recipient_id": 4, "time_sent": "2019-04-11T17:19:14.996Z", "content": "Que cuenta?", "seen": false}}, {"model": "musi_find_backend.ban", "pk": 3, "fields": {"banner": 1, "banned": 3}}, {"model": "auth.permission", "pk": 1, "fields": {"name": "Can add log entry", "content_type": 1, "codename": "add_logentry"}}, {"model": "auth.permission", "pk": 2, "fields": {"name": "Can change log entry", "content_type": 1, "codename": "change_logentry"}}, {"model": "auth.permission", "pk": 3, "fields": {"name": "Can delete log entry", "content_type": 1, "codename": "delete_logentry"}}, {"model": "auth.permission", "pk": 4, "fields": {"name": "Can view log entry", "content_type": 1, "codename": "view_logentry"}}, {"model": "auth.permission", "pk": 5, "fields": {"name": "Can add permission", "content_type": 2, "codename": "add_permission"}}, {"model": "auth.permission", "pk": 6, "fields": {"name": "Can change permission", "content_type": 2, "codename": "change_permission"}}, {"model": "auth.permission", "pk": 7, "fields": {"name": "Can delete permission", "content_type": 2, "codename": "delete_permission"}}, {"model": "auth.permission", "pk": 8, "fields": {"name": "Can view permission", "content_type": 2, "codename": "view_permission"}}, {"model": "auth.permission", "pk": 9, "fields": {"name": "Can add group", "content_type": 3, "codename": "add_group"}}, {"model": "auth.permission", "pk": 10, "fields": {"name": "Can change group", "content_type": 3, "codename": "change_group"}}, {"model": "auth.permission", "pk": 11, "fields": {"name": "Can delete group", "content_type": 3, "codename": "delete_group"}}, {"model": "auth.permission", "pk": 12, "fields": {"name": "Can view group", "content_type": 3, "codename": "view_group"}}, {"model": "auth.permission", "pk": 13, "fields": {"name": "Can add user", "content_type": 4, "codename": "add_user"}}, {"model": "auth.permission", "pk": 14, "fields": {"name": "Can change user", "content_type": 4, "codename": "change_user"}}, {"model": "auth.permission", "pk": 15, "fields": {"name": "Can delete user", "content_type": 4, "codename": "delete_user"}}, {"model": "auth.permission", "pk": 16, "fields": {"name": "Can view user", "content_type": 4, "codename": "view_user"}}, {"model": "auth.permission", "pk": 17, "fields": {"name": "Can add content type", "content_type": 5, "codename": "add_contenttype"}}, {"model": "auth.permission", "pk": 18, "fields": {"name": "Can change content type", "content_type": 5, "codename": "change_contenttype"}}, {"model": "auth.permission", "pk": 19, "fields": {"name": "Can delete content type", "content_type": 5, "codename": "delete_contenttype"}}, {"model": "auth.permission", "pk": 20, "fields": {"name": "Can view content type", "content_type": 5, "codename": "view_contenttype"}}, {"model": "auth.permission", "pk": 21, "fields": {"name": "Can add session", "content_type": 6, "codename": "add_session"}}, {"model": "auth.permission", "pk": 22, "fields": {"name": "Can change session", "content_type": 6, "codename": "change_session"}}, {"model": "auth.permission", "pk": 23, "fields": {"name": "Can delete session", "content_type": 6, "codename": "delete_session"}}, {"model": "auth.permission", "pk": 24, "fields": {"name": "Can view session", "content_type": 6, "codename": "view_session"}}, {"model": "auth.permission", "pk": 25, "fields": {"name": "Can add Token", "content_type": 7, "codename": "add_token"}}, {"model": "auth.permission", "pk": 26, "fields": {"name": "Can change Token", "content_type": 7, "codename": "change_token"}}, {"model": "auth.permission", "pk": 27, "fields": {"name": "Can delete Token", "content_type": 7, "codename": "delete_token"}}, {"model": "auth.permission", "pk": 28, "fields": {"name": "Can view Token", "content_type": 7, "codename": "view_token"}}, {"model": "auth.permission", "pk": 29, "fields": {"name": "Can add follow", "content_type": 8, "codename": "add_follow"}}, {"model": "auth.permission", "pk": 30, "fields": {"name": "Can change follow", "content_type": 8, "codename": "change_follow"}}, {"model": "auth.permission", "pk": 31, "fields": {"name": "Can delete follow", "content_type": 8, "codename": "delete_follow"}}, {"model": "auth.permission", "pk": 32, "fields": {"name": "Can view follow", "content_type": 8, "codename": "view_follow"}}, {"model": "auth.permission", "pk": 33, "fields": {"name": "Can add genre", "content_type": 9, "codename": "add_genre"}}, {"model": "auth.permission", "pk": 34, "fields": {"name": "Can change genre", "content_type": 9, "codename": "change_genre"}}, {"model": "auth.permission", "pk": 35, "fields": {"name": "Can delete genre", "content_type": 9, "codename": "delete_genre"}}, {"model": "auth.permission", "pk": 36, "fields": {"name": "Can view genre", "content_type": 9, "codename": "view_genre"}}, {"model": "auth.permission", "pk": 37, "fields": {"name": "Can add instrument", "content_type": 10, "codename": "add_instrument"}}, {"model": "auth.permission", "pk": 38, "fields": {"name": "Can change instrument", "content_type": 10, "codename": "change_instrument"}}, {"model": "auth.permission", "pk": 39, "fields": {"name": "Can delete instrument", "content_type": 10, "codename": "delete_instrument"}}, {"model": "auth.permission", "pk": 40, "fields": {"name": "Can view instrument", "content_type": 10, "codename": "view_instrument"}}, {"model": "auth.permission", "pk": 41, "fields": {"name": "Can add profile", "content_type": 11, "codename": "add_profile"}}, {"model": "auth.permission", "pk": 42, "fields": {"name": "Can change profile", "content_type": 11, "codename": "change_profile"}}, {"model": "auth.permission", "pk": 43, "fields": {"name": "Can delete profile", "content_type": 11, "codename": "delete_profile"}}, {"model": "auth.permission", "pk": 44, "fields": {"name": "Can view profile", "content_type": 11, "codename": "view_profile"}}, {"model": "auth.permission", "pk": 45, "fields": {"name": "Can add publication", "content_type": 12, "codename": "add_publication"}}, {"model": "auth.permission", "pk": 46, "fields": {"name": "Can change publication", "content_type": 12, "codename": "change_publication"}}, {"model": "auth.permission", "pk": 47, "fields": {"name": "Can delete publication", "content_type": 12, "codename": "delete_publication"}}, {"model": "auth.permission", "pk": 48, "fields": {"name": "Can view publication", "content_type": 12, "codename": "view_publication"}}, {"model": "auth.permission", "pk": 49, "fields": {"name": "Can add rating", "content_type": 13, "codename": "add_rating"}}, {"model": "auth.permission", "pk": 50, "fields": {"name": "Can change rating", "content_type": 13, "codename": "change_rating"}}, {"model": "auth.permission", "pk": 51, "fields": {"name": "Can delete rating", "content_type": 13, "codename": "delete_rating"}}, {"model": "auth.permission", "pk": 52, "fields": {"name": "Can view rating", "content_type": 13, "codename": "view_rating"}}, {"model": "auth.permission", "pk": 53, "fields": {"name": "Can add message", "content_type": 14, "codename": "add_message"}}, {"model": "auth.permission", "pk": 54, "fields": {"name": "Can change message", "content_type": 14, "codename": "change_message"}}, {"model": "auth.permission", "pk": 55, "fields": {"name": "Can delete message", "content_type": 14, "codename": "delete_message"}}, {"model": "auth.permission", "pk": 56, "fields": {"name": "Can view message", "content_type": 14, "codename": "view_message"}}, {"model": "auth.permission", "pk": 57, "fields": {"name": "Can add ban", "content_type": 15, "codename": "add_ban"}}, {"model": "auth.permission", "pk": 58, "fields": {"name": "Can change ban", "content_type": 15, "codename": "change_ban"}}, {"model": "auth.permission", "pk": 59, "fields": {"name": "Can delete ban", "content_type": 15, "codename": "delete_ban"}}, {"model": "auth.permission", "pk": 60, "fields": {"name": "Can view ban", "content_type": 15, "codename": "view_ban"}}, {"model": "auth.user", "pk": 1, "fields": {"password": "pbkdf2_sha256$120000$qIDlWwGHhGCX$YzCXQM08JxGWaKiO7WIA04gAQ3YlHHTkY94b9TVvxBI=", "last_login": null, "is_superuser": false, "username": "oabrego", "first_name": "Oscar", "last_name": "Abrego", "email": "oscar.abrego1998@gmail.com", "is_staff": false, "is_active": true, "date_joined": "2019-04-10T06:21:10.168Z", "groups": [], "user_permissions": []}}, {"model": "auth.user", "pk": 2, "fields": {"password": "pbkdf2_sha256$120000$aIwlxP0IZ67Q$tIAoOUdFA0ezHy5ElsmKsa0jgvfkeI+epxgUi3XNyEk=", "last_login": null, "is_superuser": false, "username": "raul123", "first_name": "Raul", "last_name": "Perez", "email": "raul.emg@gmail.com", "is_staff": false, "is_active": true, "date_joined": "2019-04-10T06:21:11.189Z", "groups": [], "user_permissions": []}}, {"model": "auth.user", "pk": 3, "fields": {"password": "pbkdf2_sha256$120000$lFn1V3WNoguc$C4c6iGmNRRmrTZFN/9QooR3zFAHg/6UvvAPSIPIASkc=", "last_login": null, "is_superuser": false, "username": "samantha123", "first_name": "Samantha", "last_name": "Nieto", "email": "samantha.nieto@gmail.com", "is_staff": false, "is_active": true, "date_joined": "2019-04-10T06:21:12.312Z", "groups": [], "user_permissions": []}}, {"model": "auth.user", "pk": 4, "fields": {"password": "pbkdf2_sha256$120000$8MlZfPOAFhBg$yvJS9fmbw11bN3SZ/L9TP8Q8msy3Rdj2acgWQmO2c5s=", "last_login": null, "is_superuser": false, "username": "jaime123", "first_name": "Jaime", "last_name": "Mausan", "email": "jaime.prueba@gmail.com", "is_staff": false, "is_active": true, "date_joined": "2019-04-10T06:21:13.443Z", "groups": [], "user_permissions": []}}, {"model": "auth.user", "pk": 5, "fields": {"password": "pbkdf2_sha256$120000$bnmUJdndpKUC$LLnT3vG5XdwwZxyIw2UOJOLdsjQnBZ414sg0i1VQnNU=", "last_login": null, "is_superuser": false, "username": "pedro123", "first_name": "Pedro", "last_name": "Lopez", "email": "pedro.prueba@gmail.com", "is_staff": false, "is_active": true, "date_joined": "2019-04-10T06:21:14.373Z", "groups": [], "user_permissions": []}}, {"model": "auth.user", "pk": 6, "fields": {"password": "pbkdf2_sha256$120000$OrAhmpUbfxW6$dbWyCm/dk+WY5AUgsF/aijMslZ5ZZieyDQERjIwzCNU=", "last_login": null, "is_superuser": false, "username": "juan123", "first_name": "Juan", "last_name": "Cisneros", "email": "juan.prueba@gmail.com", "is_staff": false, "is_active": true, "date_joined": "2019-04-10T06:21:15.463Z", "groups": [], "user_permissions": []}}, {"model": "auth.user", "pk": 7, "fields": {"password": "pbkdf2_sha256$120000$wHNkLkbJn0Iz$A6Hjxj93hGpN685XBakTCeiOyZft9imx/fraMWORajw=", "last_login": null, "is_superuser": false, "username": "rodrigo123", "first_name": "Rodrigo", "last_name": "Cardona", "email": "rodrigo.prueba@gmail.com", "is_staff": false, "is_active": true, "date_joined": "2019-04-10T06:21:16.623Z", "groups": [], "user_permissions": []}}, {"model": "auth.user", "pk": 8, "fields": {"password": "pbkdf2_sha256$120000$dlq8IVw0BA0A$f+ui+So+AXhh+7Zn1sY0N1Qg1qfYpdk3/uVe10XCoO8=", "last_login": null, "is_superuser": false, "username": "martinez123", "first_name": "Martinez", "last_name": "Nieto", "email": "martinez.prueba@gmail.com", "is_staff": false, "is_active": true, "date_joined": "2019-04-10T06:21:17.562Z", "groups": [], "user_permissions": []}}, {"model": "auth.user", "pk": 9, "fields": {"password": "pbkdf2_sha256$120000$dtyaGbukRtJZ$o9ItZ/ek70B1Oi085Eqe91ZFoXBLCdHQwH55XbJ1tWM=", "last_login": null, "is_superuser": false, "username": "hugo123", "first_name": "Hugo", "last_name": "Samaniego", "email": "hugo.prueba@gmail.com", "is_staff": false, "is_active": true, "date_joined": "2019-04-10T06:21:18.671Z", "groups": [], "user_permissions": []}}, {"model": "auth.user", "pk": 10, "fields": {"password": "pbkdf2_sha256$120000$5Q6JGVS8WCFa$a95IvTsm9F/fgCy3UR16UR+4od7lu/neT0KzIa7jWO4=", "last_login": null, "is_superuser": false, "username": "luis123", "first_name": "Luis", "last_name": "Guerra", "email": "luis.prueba@gmail.com", "is_staff": false, "is_active": true, "date_joined": "2019-04-10T06:21:32.704Z", "groups": [], "user_permissions": []}}, {"model": "auth.user", "pk": 11, "fields": {"password": "pbkdf2_sha256$120000$iqxFTiE7vXmh$Z15/4a1H6o+PMqPKQTZcs+yIhArey/nku6LT5tWdx1U=", "last_login": null, "is_superuser": false, "username": "ronaldo123", "first_name": "Ronaldo", "last_name": "Medina", "email": "ronaldo.medina@gmail.com", "is_staff": false, "is_active": true, "date_joined": "2019-04-11T18:23:44.919Z", "groups": [], "user_permissions": []}}, {"model": "authtoken.token", "pk": "0db2efc893573083f6f5558cf42e9b118cb3f3b3", "fields": {"user": 2, "created": "2019-04-10T06:21:12.003Z"}}, {"model": "authtoken.token", "pk": "2e7d40c1af8ccbebfc22521984255c0b937b1656", "fields": {"user": 11, "created": "2019-04-11T18:23:45.788Z"}}, {"model": "authtoken.token", "pk": "3957f743276b89bd0e353521a699b377e78b88fd", "fields": {"user": 9, "created": "2019-04-10T06:21:19.370Z"}}, {"model": "authtoken.token", "pk": "40516c5b07af2875ac5f2f6bd9ef1177d46760c5", "fields": {"user": 8, "created": "2019-04-10T06:21:18.356Z"}}, {"model": "authtoken.token", "pk": "5885228df13a0b56356680a1267c9fc188b98591", "fields": {"user": 5, "created": "2019-04-10T06:21:15.147Z"}}, {"model": "authtoken.token", "pk": "a6ba970dcf2af6e9f62149ff364ad3b335e74d03", "fields": {"user": 4, "created": "2019-04-10T06:21:14.070Z"}}, {"model": "authtoken.token", "pk": "b0a0d0321a12d083f9e61f790766830ac0126c19", "fields": {"user": 1, "created": "2019-04-10T06:21:10.873Z"}}, {"model": "authtoken.token", "pk": "bb1b58231c9ea2297f32421950f9a4ddc567cfbc", "fields": {"user": 6, "created": "2019-04-10T06:21:16.219Z"}}, {"model": "authtoken.token", "pk": "e9d5f1a376a1011560d0092d69f5da532882f3cd", "fields": {"user": 3, "created": "2019-04-10T06:21:13.022Z"}}, {"model": "authtoken.token", "pk": "f918867252f675d5914d3024e1543af699bdc03a", "fields": {"user": 10, "created": "2019-04-10T06:21:33.393Z"}}, {"model": "authtoken.token", "pk": "fa116be7fc58e6b30e54907e51778480a3eeff14", "fields": {"user": 7, "created": "2019-04-10T06:21:17.232Z"}}]