[
    {
        "model": "musi_find_backend.instrument",
        "pk": 1,
        "fields": {
            "name": "Guitarra"
        }
    },
    {
        "model": "musi_find_backend.instrument",
        "pk": 2,
        "fields": {
            "name": "Bateria"
        }
    },
    {
        "model": "musi_find_backend.instrument",
        "pk": 3,
        "fields": {
            "name": "Violin"
        }
    },
    {
        "model": "musi_find_backend.instrument",
        "pk": 4,
        "fields": {
            "name": "Flauta dulce"
        }
    },
    {
        "model": "musi_find_backend.instrument",
        "pk": 5,
        "fields": {
            "name": "Saxofon"
        }
    },
    {
        "model": "musi_find_backend.instrument",
        "pk": 6,
        "fields": {
            "name": "Piano"
        }
    },
    {
        "model": "musi_find_backend.instrument",
        "pk": 7,
        "fields": {
            "name": "Acordion"
        }
    },
    {
        "model": "musi_find_backend.instrument",
        "pk": 8,
        "fields": {
            "name": "Trompeta"
        }
    },
    {
        "model": "musi_find_backend.genre",
        "pk": 1,
        "fields": {
            "name": "Rock"
        }
    },
    {
        "model": "musi_find_backend.genre",
        "pk": 2,
        "fields": {
            "name": "Metal"
        }
    },
    {
        "model": "musi_find_backend.genre",
        "pk": 3,
        "fields": {
            "name": "Clasico"
        }
    },
    {
        "model": "musi_find_backend.genre",
        "pk": 4,
        "fields": {
            "name": "Pop"
        }
    },
    {
        "model": "musi_find_backend.genre",
        "pk": 5,
        "fields": {
            "name": "Jazz"
        }
    },
    {
        "model": "musi_find_backend.genre",
        "pk": 6,
        "fields": {
            "name": "Folclorico"
        }
    },
    {
        "model": "musi_find_backend.genre",
        "pk": 7,
        "fields": {
            "name": "Country"
        }
    },
    {
        "model": "musi_find_backend.genre",
        "pk": 8,
        "fields": {
            "name": "Blues"
        }
    },
    {
        "model": "musi_find_backend.genre",
        "pk": 9,
        "fields": {
            "name": "Rock alternativo"
        }
    },
    {
        "model": "musi_find_backend.profile",
        "pk": 1,
        "fields": {
            "is_musician": true,
            "description": "Aprendiz del violin. Ofrezco mis servicios para eventos, desde $300 la hora. Voy a toda el area metropolitana de Monterrey.",
            "mobile": "8113995183",
            "email": "oscar.abrego@gmail.com",
            "facebook": "oabrego2",
            "twitter": "OscarAbregoDiaz",
            "instrument": 1,
            "genre": 7,
            "gender": "Masculino"
        }
    },
    {
        "model": "musi_find_backend.profile",
        "pk": 2,
        "fields": {
            "is_musician": true,
            "description": "Soy baterista desde hace 10 años, actualmente estoy buscando una banda por si les interesa, tambien estoy disponible para asistir a tocadas. Ahi esta mi informacion.",
            "mobile": "8125828661",
            "email": "raul.musico9@gmail.com",
            "facebook": "raul.emg",
            "twitter": "",
            "instrument": 2,
            "genre": 1,
            "gender": "Masculino"
        }
    },
    {
        "model": "musi_find_backend.profile",
        "pk": 3,
        "fields": {
            "is_musician": true,
            "description": "Llevo 5 años de experiencia con el violin, doy clases de Lunes a Viernes 3:00 - 6:00. Cobro 400 por sesion, no se ocupa experiencia previa.",
            "mobile": "8115565343",
            "email": "samantha.musica@gmail.com",
            "facebook": "",
            "twitter": "",
            "instrument": 3,
            "genre": 3,
            "gender": "Femenina"
        }
    },
    {
        "model": "musi_find_backend.profile",
        "pk": 4,
        "fields": {
            "is_musician": true,
            "description": "Llevo 5 años de experiencia con el violin, doy clases de Lunes a Viernes 3:00 - 6:00. Cobro 400 por sesion, no se ocupa experiencia previa.",
            "mobile": "8115565343",
            "email": "samantha.musica@gmail.com",
            "facebook": "",
            "twitter": "",
            "instrument": 3,
            "genre": 3,
            "gender": "Masculino"
        }
    },
    {
        "model": "musi_find_backend.profile",
        "pk": 5,
        "fields": {
            "is_musician": true,
            "description": "Llevo 5 años de experiencia con el violin, doy clases de Lunes a Viernes 3:00 - 6:00. Cobro 400 por sesion, no se ocupa experiencia previa.",
            "mobile": "8115565343",
            "email": "samantha.musica@gmail.com",
            "facebook": "",
            "twitter": "",
            "instrument": 3,
            "genre": 3,
            "gender": "Masculino"
        }
    },
    {
        "model": "musi_find_backend.profile",
        "pk": 6,
        "fields": {
            "is_musician": true,
            "description": "Llevo 5 años de experiencia con el violin, doy clases de Lunes a Viernes 3:00 - 6:00. Cobro 400 por sesion, no se ocupa experiencia previa.",
            "mobile": "8115565343",
            "email": "samantha.musica@gmail.com",
            "facebook": "",
            "twitter": "",
            "instrument": 3,
            "genre": 3,
            "gender": "Masculino"
        }
    },
    {
        "model": "musi_find_backend.profile",
        "pk": 7,
        "fields": {
            "is_musician": true,
            "description": "Llevo 5 años de experiencia con el violin, doy clases de Lunes a Viernes 3:00 - 6:00. Cobro 400 por sesion, no se ocupa experiencia previa.",
            "mobile": "8115565343",
            "email": "samantha.musica@gmail.com",
            "facebook": "",
            "twitter": "",
            "instrument": 3,
            "genre": 3,
            "gender": "Masculino"
        }
    },
    {
        "model": "musi_find_backend.profile",
        "pk": 8,
        "fields": {
            "is_musician": true,
            "description": "Llevo 5 años de experiencia con el violin, doy clases de Lunes a Viernes 3:00 - 6:00. Cobro 400 por sesion, no se ocupa experiencia previa.",
            "mobile": "8115565343",
            "email": "samantha.musica@gmail.com",
            "facebook": "",
            "twitter": "",
            "instrument": 3,
            "genre": 3,
            "gender": "Masculino"
        }
    },
    {
        "model": "musi_find_backend.profile",
        "pk": 9,
        "fields": {
            "is_musician": true,
            "description": "Llevo 5 años de experiencia con el violin, doy clases de Lunes a Viernes 3:00 - 6:00. Cobro 400 por sesion, no se ocupa experiencia previa.",
            "mobile": "8115565343",
            "email": "samantha.musica@gmail.com",
            "facebook": "",
            "twitter": "",
            "instrument": 3,
            "genre": 3,
            "gender": "Masculino"
        }
    },
    {
        "model": "musi_find_backend.profile",
        "pk": 10,
        "fields": {
            "is_musician": true,
            "description": "Llevo 5 años de experiencia con el violin, doy clases de Lunes a Viernes 3:00 - 6:00. Cobro 400 por sesion, no se ocupa experiencia previa.",
            "mobile": "8115565343",
            "email": "luis.musico@gmail.com",
            "facebook": "",
            "twitter": "",
            "instrument": 3,
            "genre": 3,
            "gender": "Masculino"
        }
    },
    {
        "model": "musi_find_backend.publication",
        "pk": 1,
        "fields": {
            "profile": 1,
            "title": "Educación",
            "content": "Estudiante del instituto anglobritanico de las artes musicales. Actualmente cursando 8vo trimestre.",
            "publish_date": "2019-04-02"
        }
    },
    {
        "model": "musi_find_backend.publication",
        "pk": 2,
        "fields": {
            "profile": 1,
            "title": "Experiencia",
            "content": "Llevo 3 años con el violin, he sido contratado para tocar en 9 eventos distintos.",
            "publish_date": "2019-04-02"
        }
    },
    {
        "model": "musi_find_backend.publication",
        "pk": 3,
        "fields": {
            "profile": 2,
            "title": "Experiencia",
            "content": "Llevo 10 años con la bateria, he estado en 2 bandas diferentes, he participao en 3 CocaCola-Fests.",
            "publish_date": "2019-04-03"
        }
    },
    {
        "model": "musi_find_backend.publication",
        "pk": 4,
        "fields": {
            "profile": 1,
            "title": "Precios",
            "content": "Para eventos regulares cobro $300 pesos la hora (mas costo de traslado). Para eventos en fecha especial cobro $400 la hora.",
            "publish_date": "2019-04-03"
        }
    },
    {
        "model": "musi_find_backend.publication",
        "pk": 5,
        "fields": {
            "profile": 3,
            "title": "Educacion",
            "content": "Estudiante de la facultad de música de la UANL",
            "publish_date": "2019-04-03"
        }
    },
    {
        "model": "musi_find_backend.publication",
        "pk": 6,
        "fields": {
            "profile": 2,
            "title": "Ubicación",
            "content": "Vivo en el municipio de Guadalupe, Nuevo León. Pero me muevo mucho por la zon cumbres y barrio antiguo.",
            "publish_date": "2019-04-03"
        }
    },
    {
        "model": "musi_find_backend.publication",
        "pk": 7,
        "fields": {
            "profile": 5,
            "title": "Educacion",
            "content": "Estudiante de la facultad de música de la UANL",
            "publish_date": "2019-04-03"
        }
    },
    {
        "model": "musi_find_backend.publication",
        "pk": 8,
        "fields": {
            "profile": 6,
            "title": "Educacion",
            "content": "Estudiante de la facultad de música de la UANL",
            "publish_date": "2019-04-03"
        }
    },
    {
        "model": "musi_find_backend.publication",
        "pk": 9,
        "fields": {
            "profile": 4,
            "title": "Aclaraciones",
            "content": "Toco de todo un poco, solo con excepcion de reggaeton y cumbias.",
            "publish_date": "2019-04-03"
        }
    },
    {
        "model": "musi_find_backend.follow",
        "pk": 1,
        "fields": {
            "follower_id": 1,
            "followed_id": 2
        }
    },
    {
        "model": "musi_find_backend.follow",
        "pk": 2,
        "fields": {
            "follower_id": 1,
            "followed_id": 3
        }
    },
    {
        "model": "musi_find_backend.follow",
        "pk": 3,
        "fields": {
            "follower_id": 1,
            "followed_id": 4
        }
    },
    {
        "model": "musi_find_backend.follow",
        "pk": 4,
        "fields": {
            "follower_id": 2,
            "followed_id": 1
        }
    },
    {
        "model": "musi_find_backend.follow",
        "pk": 5,
        "fields": {
            "follower_id": 2,
            "followed_id": 3
        }
    },
    {
        "model": "musi_find_backend.follow",
        "pk": 6,
        "fields": {
            "follower_id": 3,
            "followed_id": 1
        }
    },    
    {
        "model": "musi_find_backend.message",
        "pk": 10,
        "fields": {
            "sender_id": 1,
            "recipient_id": 2,
            "time_sent": "2019-04-11T16:26:26.956Z",
            "content": "Buenos dias",
            "seen": false
        }
    },
    {
        "model": "musi_find_backend.message",
        "pk": 11,
        "fields": {
            "sender_id": 1,
            "recipient_id": 2,
            "time_sent": "2019-04-11T16:26:43.349Z",
            "content": "Como estas hoy?",
            "seen": false
        }
    },
    {
        "model": "musi_find_backend.message",
        "pk": 12,
        "fields": {
            "sender_id": 1,
            "recipient_id": 2,
            "time_sent": "2019-04-11T16:26:59.828Z",
            "content": "Me alegro",
            "seen": false
        }
    },
    {
        "model": "musi_find_backend.message",
        "pk": 13,
        "fields": {
            "sender_id": 1,
            "recipient_id": 3,
            "time_sent": "2019-04-11T16:27:37.051Z",
            "content": "Hola",
            "seen": false
        }
    },
    {
        "model": "musi_find_backend.message",
        "pk": 14,
        "fields": {
            "sender_id": 1,
            "recipient_id": 3,
            "time_sent": "2019-04-11T16:32:45.240Z",
            "content": "Hola tengo unas dudas",
            "seen": false
        }
    },
    {
        "model": "musi_find_backend.message",
        "pk": 15,
        "fields": {
            "sender_id": 3,
            "recipient_id": 2,
            "time_sent": "2019-04-11T16:35:37.287Z",
            "content": "Hola, heme aqui",
            "seen": false
        }
    },
    {
        "model": "musi_find_backend.message",
        "pk": 16,
        "fields": {
            "sender_id": 3,
            "recipient_id": 2,
            "time_sent": "2019-04-11T16:35:58.467Z",
            "content": "Que le acontece?",
            "seen": false
        }
    },
    {
        "model": "musi_find_backend.message",
        "pk": 17,
        "fields": {
            "sender_id": 1,
            "recipient_id": 3,
            "time_sent": "2019-04-11T16:36:32.386Z",
            "content": "Que cuenta?",
            "seen": false
        }
    },
    {
        "model": "musi_find_backend.message",
        "pk": 18,
        "fields": {
            "sender_id": 3,
            "recipient_id": 1,
            "time_sent": "2019-04-11T16:38:16.483Z",
            "content": "Que le acontece?",
            "seen": false
        }
    },
    {
        "model": "musi_find_backend.message",
        "pk": 19,
        "fields": {
            "sender_id": 1,
            "recipient_id": 3,
            "time_sent": "2019-04-11T16:38:30.927Z",
            "content": "Que cuenta?",
            "seen": false
        }
    },
    {
        "model": "musi_find_backend.message",
        "pk": 20,
        "fields": {
            "sender_id": 1,
            "recipient_id": 4,
            "time_sent": "2019-04-11T17:19:14.996Z",
            "content": "Que cuenta?",
            "seen": false
        }
    },
    {
        "model": "musi_find_backend.ban",
        "pk": 3,
        "fields": {
            "banner": 1,
            "banned": 6
        }
    }
]